Seed,Noise Rate,Target Recall,Target Precision,Target F1
1,0.0,0.8288288288288288,0.7540983606557377,0.7896995708154506
1,0.1,0.7612612612612613,0.8009478672985783,0.7806004618937644
1,0.25,0.8153153153153153,0.7801724137931034,0.7973568281938326
1,0.4,0.7342342342342343,0.7442922374429224,0.7392290249433107
2,0.0,0.8738738738738738,0.7003610108303249,0.7775551102204409
2,0.1,0.8603603603603603,0.6845878136200717,0.7624750499001997
2,0.25,0.6306306306306306,0.8383233532934131,0.7197943444730077
2,0.4,0.7342342342342343,0.7616822429906542,0.7477064220183486
3,0.0,0.8063063063063063,0.7047244094488189,0.7521008403361344
3,0.1,0.9099099099099099,0.5821325648414986,0.7100175746924429
3,0.25,0.7387387387387387,0.7627906976744186,0.7505720823798627
3,0.4,0.7297297297297297,0.8140703517587939,0.7695961995249406
