Condition,Noise Rate,Model,Mean spread,CI Lower,CI Upper,N Seeds
A_TFIDF_full,0.0,NN,0.06486486486486487,0.022159209404130735,0.107570520325599,5
A_TFIDF_full,0.0,SVM,0.2756756756756757,0.2545993312672081,0.2967520200841433,5
A_TFIDF_full,0.1,NN,0.06846846846846846,0.03850500147922642,0.0984319354577105,5
A_TFIDF_full,0.1,SVM,0.3,0.2748000816559363,0.3251999183440637,5
A_TFIDF_full,0.25,NN,0.07657657657657654,0.04619837059388841,0.10695478255926467,5
A_TFIDF_full,0.25,SVM,0.3792792792792793,0.36231462442929335,0.39624393412926523,5
A_TFIDF_full,0.4,NN,0.10720720720720722,0.05665243674848167,0.15776197766593278,5
A_TFIDF_full,0.4,SVM,0.35225225225225226,0.30232010124354497,0.40218440326095956,5
B_TFIDF_SVD384,0.0,NN,0.07297297297297296,0.03516275207796827,0.11078319386797766,5
B_TFIDF_SVD384,0.0,SVM,0.4333333333333333,0.4233281257470349,0.4433385409196317,5
B_TFIDF_SVD384,0.1,NN,0.07927927927927929,0.055028257636595454,0.10353030092196312,5
B_TFIDF_SVD384,0.1,SVM,0.46846846846846846,0.44950140773877345,0.48743552919816346,5
B_TFIDF_SVD384,0.25,NN,0.06846846846846846,0.017298653851719026,0.1196382830852179,5
B_TFIDF_SVD384,0.25,SVM,0.527927927927928,0.5076072552585672,0.5482486005972887,5
B_TFIDF_SVD384,0.4,NN,0.06396396396396395,0.04699930911397799,0.08092861881394992,5
B_TFIDF_SVD384,0.4,SVM,0.5288288288288288,0.4832872713736512,0.5743703862840063,5
C_MiniLM_384,0.0,NN,0.1009009009009009,0.0750877561789474,0.1267140456228544,5
C_MiniLM_384,0.0,SVM,0.5468468468468467,0.5210337021248932,0.5726599915688002,5
C_MiniLM_384,0.1,NN,0.06666666666666668,0.03278348793255576,0.1005498454007776,5
C_MiniLM_384,0.1,SVM,0.554954954954955,0.5255181277120885,0.5843917821978214,5
C_MiniLM_384,0.25,NN,0.06936936936936937,0.048218942678324855,0.09051979606041388,5
C_MiniLM_384,0.25,SVM,0.563963963963964,0.5456685178635621,0.5822594100643659,5
C_MiniLM_384,0.4,NN,0.05405405405405406,0.02072942751359813,0.08737868059450998,5
C_MiniLM_384,0.4,SVM,0.527027027027027,0.5102477838080571,0.5438062702459968,5
