Condition,Noise Rate,Model,Mean CV,CI Lower,CI Upper,N Seeds
A_TFIDF_full,0.0,NN,0.05625503760663776,0.023756165545261686,0.08875390966801383,5
A_TFIDF_full,0.0,SVM,0.19316031349820076,0.17269452469007043,0.21362610230633108,5
A_TFIDF_full,0.1,NN,0.06386210544449974,0.03221069765359174,0.09551351323540774,5
A_TFIDF_full,0.1,SVM,0.2332352925562152,0.22421973580223642,0.24225084931019397,5
A_TFIDF_full,0.25,NN,0.09124785456902258,0.0568048528801203,0.12569085625792487,5
A_TFIDF_full,0.25,SVM,0.35706082407970247,0.33619250088024283,0.3779291472791621,5
A_TFIDF_full,0.4,NN,0.16007428177931038,0.08109248368338275,0.23905607987523803,5
A_TFIDF_full,0.4,SVM,0.428415265725159,0.3951982768233858,0.46163225462693214,5
B_TFIDF_SVD384,0.0,NN,0.08716723894922365,0.04693042047945023,0.12740405741899707,5
B_TFIDF_SVD384,0.0,SVM,0.3471953186985537,0.337952228122179,0.35643840927492837,5
B_TFIDF_SVD384,0.1,NN,0.11228555842199044,0.08395218216991275,0.1406189346740681,5
B_TFIDF_SVD384,0.1,SVM,0.40486813678384825,0.36972564599095575,0.44001062757674075,5
B_TFIDF_SVD384,0.25,NN,0.12967784380772782,0.035132397831539555,0.2242232897839161,5
B_TFIDF_SVD384,0.25,SVM,0.48188111659890726,0.45904223189532906,0.5047200013024855,5
B_TFIDF_SVD384,0.4,NN,0.15153037760803126,0.08512689373467901,0.2179338614813835,5
B_TFIDF_SVD384,0.4,SVM,0.5290436458101959,0.5044918321711943,0.5535954594491975,5
C_MiniLM_384,0.0,NN,0.18051658522152403,0.144810937414286,0.21622223302876206,5
C_MiniLM_384,0.0,SVM,0.49747308791689865,0.4746177208767227,0.5203284549570746,5
C_MiniLM_384,0.1,NN,0.13757197564604426,0.07836357157384971,0.1967803797182388,5
C_MiniLM_384,0.1,SVM,0.5266046293777398,0.5117843966138174,0.5414248621416622,5
C_MiniLM_384,0.25,NN,0.18167633787405021,0.12071519696211744,0.242637478785983,5
C_MiniLM_384,0.25,SVM,0.5547598362505672,0.5431593722285654,0.5663603002725691,5
C_MiniLM_384,0.4,NN,0.1713422411199296,0.043131697963618404,0.29955278427624077,5
C_MiniLM_384,0.4,SVM,0.5758083298566954,0.5607923978174558,0.590824261895935,5
