Condition,Noise Rate,Model,Mean std_recall,CI Lower,CI Upper,N Seeds
A_TFIDF_full,0.0,NN,0.028343218139555253,0.013376775260613021,0.04330966101849748,5
A_TFIDF_full,0.0,SVM,0.11216159127198548,0.10151945644654123,0.12280372609742973,5
A_TFIDF_full,0.1,NN,0.028371592006830676,0.014460411196285081,0.042282772817376274,5
A_TFIDF_full,0.1,SVM,0.12144117460676493,0.11409102207764459,0.12879132713588526,5
A_TFIDF_full,0.25,NN,0.032462484183543076,0.017397608236676982,0.047527360130409174,5
A_TFIDF_full,0.25,SVM,0.1572123432840414,0.14669197465046274,0.16773271191762007,5
A_TFIDF_full,0.4,NN,0.04362637402508067,0.025055461297907446,0.06219728675225389,5
A_TFIDF_full,0.4,SVM,0.14846028582846643,0.12957779290939275,0.1673427787475401,5
B_TFIDF_SVD384,0.0,NN,0.028857346353613776,0.013541435851185684,0.04417325685604187,5
B_TFIDF_SVD384,0.0,SVM,0.17597213543038406,0.1737864337320976,0.17815783712867053,5
B_TFIDF_SVD384,0.1,NN,0.03159476265510043,0.021820302145247827,0.041369223164953034,5
B_TFIDF_SVD384,0.1,SVM,0.19328901367489124,0.1797639307137963,0.20681409663598618,5
B_TFIDF_SVD384,0.25,NN,0.029010595268285765,0.0062038991588754255,0.051817291377696105,5
B_TFIDF_SVD384,0.25,SVM,0.21387728477831808,0.204357346229557,0.22339722332707915,5
B_TFIDF_SVD384,0.4,NN,0.02666798308547088,0.01913770443203426,0.0341982617389075,5
B_TFIDF_SVD384,0.4,SVM,0.22019071027066453,0.19958619990596388,0.24079522063536518,5
C_MiniLM_384,0.0,NN,0.0402802469260004,0.03043897848495049,0.05012151536705031,5
C_MiniLM_384,0.0,SVM,0.23295557697816136,0.22169787537158978,0.24421327858473293,5
C_MiniLM_384,0.1,NN,0.02689244298898365,0.014998694602015755,0.038786191375951545,5
C_MiniLM_384,0.1,SVM,0.23723827421257832,0.22309157436612806,0.25138497405902854,5
C_MiniLM_384,0.25,NN,0.029618378893895465,0.02189442855996615,0.03734232922782478,5
C_MiniLM_384,0.25,SVM,0.2392675173103866,0.23218447437557124,0.24635056024520194,5
C_MiniLM_384,0.4,NN,0.021237575968685925,0.00813374801990581,0.03434140391746604,5
C_MiniLM_384,0.4,SVM,0.22503213847001224,0.2166782756772498,0.2333860012627747,5
