Condition,Noise Rate,Model,Balancing,Target Recall
A_TFIDF_full,0.0,NN,ADASYN,0.47657657657657654
A_TFIDF_full,0.0,NN,Borderline-SMOTE,0.5288288288288288
A_TFIDF_full,0.0,NN,None,0.5180180180180181
A_TFIDF_full,0.0,NN,ROS,0.5063063063063064
A_TFIDF_full,0.0,NN,SMOTE,0.5153153153153154
A_TFIDF_full,0.0,SVM,ADASYN,0.7036036036036035
A_TFIDF_full,0.0,SVM,Borderline-SMOTE,0.509009009009009
A_TFIDF_full,0.0,SVM,None,0.42792792792792794
A_TFIDF_full,0.0,SVM,ROS,0.6099099099099099
A_TFIDF_full,0.0,SVM,SMOTE,0.6558558558558559
A_TFIDF_full,0.1,NN,ADASYN,0.4396396396396396
A_TFIDF_full,0.1,NN,Borderline-SMOTE,0.47297297297297297
A_TFIDF_full,0.1,NN,None,0.4252252252252252
A_TFIDF_full,0.1,NN,ROS,0.42072072072072075
A_TFIDF_full,0.1,NN,SMOTE,0.46036036036036043
A_TFIDF_full,0.1,SVM,ADASYN,0.6441441441441442
A_TFIDF_full,0.1,SVM,Borderline-SMOTE,0.45675675675675675
A_TFIDF_full,0.1,SVM,None,0.3441441441441442
A_TFIDF_full,0.1,SVM,ROS,0.5594594594594595
A_TFIDF_full,0.1,SVM,SMOTE,0.5990990990990991
A_TFIDF_full,0.25,NN,ADASYN,0.3405405405405405
A_TFIDF_full,0.25,NN,Borderline-SMOTE,0.35405405405405405
A_TFIDF_full,0.25,NN,None,0.36666666666666664
A_TFIDF_full,0.25,NN,ROS,0.32972972972972975
A_TFIDF_full,0.25,NN,SMOTE,0.36576576576576575
A_TFIDF_full,0.25,SVM,ADASYN,0.5972972972972973
A_TFIDF_full,0.25,SVM,Borderline-SMOTE,0.34324324324324323
A_TFIDF_full,0.25,SVM,None,0.218018018018018
A_TFIDF_full,0.25,SVM,ROS,0.4981981981981982
A_TFIDF_full,0.25,SVM,SMOTE,0.545045045045045
A_TFIDF_full,0.4,NN,ADASYN,0.2765765765765766
A_TFIDF_full,0.4,NN,Borderline-SMOTE,0.27477477477477474
A_TFIDF_full,0.4,NN,None,0.2981981981981982
A_TFIDF_full,0.4,NN,ROS,0.25585585585585585
A_TFIDF_full,0.4,NN,SMOTE,0.27837837837837837
A_TFIDF_full,0.4,SVM,ADASYN,0.4891891891891892
A_TFIDF_full,0.4,SVM,Borderline-SMOTE,0.254054054054054
A_TFIDF_full,0.4,SVM,None,0.13693693693693693
A_TFIDF_full,0.4,SVM,ROS,0.3972972972972973
A_TFIDF_full,0.4,SVM,SMOTE,0.4558558558558559
B_TFIDF_SVD384,0.0,NN,ADASYN,0.31261261261261264
B_TFIDF_SVD384,0.0,NN,Borderline-SMOTE,0.3396396396396396
B_TFIDF_SVD384,0.0,NN,None,0.34324324324324323
B_TFIDF_SVD384,0.0,NN,ROS,0.33333333333333337
B_TFIDF_SVD384,0.0,NN,SMOTE,0.31171171171171175
B_TFIDF_SVD384,0.0,SVM,ADASYN,0.5693693693693694
B_TFIDF_SVD384,0.0,SVM,Borderline-SMOTE,0.5504504504504505
B_TFIDF_SVD384,0.0,SVM,None,0.19729729729729728
B_TFIDF_SVD384,0.0,SVM,ROS,0.6306306306306306
B_TFIDF_SVD384,0.0,SVM,SMOTE,0.5873873873873874
B_TFIDF_SVD384,0.1,NN,ADASYN,0.26576576576576577
B_TFIDF_SVD384,0.1,NN,Borderline-SMOTE,0.281981981981982
B_TFIDF_SVD384,0.1,NN,None,0.3081081081081081
B_TFIDF_SVD384,0.1,NN,ROS,0.27207207207207207
B_TFIDF_SVD384,0.1,NN,SMOTE,0.26756756756756755
B_TFIDF_SVD384,0.1,SVM,ADASYN,0.5585585585585585
B_TFIDF_SVD384,0.1,SVM,Borderline-SMOTE,0.5234234234234234
B_TFIDF_SVD384,0.1,SVM,None,0.13693693693693693
B_TFIDF_SVD384,0.1,SVM,ROS,0.6054054054054054
B_TFIDF_SVD384,0.1,SVM,SMOTE,0.5648648648648649
B_TFIDF_SVD384,0.25,NN,ADASYN,0.19909909909909912
B_TFIDF_SVD384,0.25,NN,Borderline-SMOTE,0.20810810810810812
B_TFIDF_SVD384,0.25,NN,None,0.2585585585585585
B_TFIDF_SVD384,0.25,NN,ROS,0.22432432432432434
B_TFIDF_SVD384,0.25,NN,SMOTE,0.21171171171171171
B_TFIDF_SVD384,0.25,SVM,ADASYN,0.5297297297297298
B_TFIDF_SVD384,0.25,SVM,Borderline-SMOTE,0.4882882882882883
B_TFIDF_SVD384,0.25,SVM,None,0.06846846846846846
B_TFIDF_SVD384,0.25,SVM,ROS,0.5963963963963964
B_TFIDF_SVD384,0.25,SVM,SMOTE,0.5378378378378378
B_TFIDF_SVD384,0.4,NN,ADASYN,0.16486486486486487
B_TFIDF_SVD384,0.4,NN,Borderline-SMOTE,0.18378378378378377
B_TFIDF_SVD384,0.4,NN,None,0.21711711711711712
B_TFIDF_SVD384,0.4,NN,ROS,0.17207207207207206
B_TFIDF_SVD384,0.4,NN,SMOTE,0.16846846846846847
B_TFIDF_SVD384,0.4,SVM,ADASYN,0.5261261261261261
B_TFIDF_SVD384,0.4,SVM,Borderline-SMOTE,0.44414414414414416
B_TFIDF_SVD384,0.4,SVM,None,0.03063063063063063
B_TFIDF_SVD384,0.4,SVM,ROS,0.5594594594594595
B_TFIDF_SVD384,0.4,SVM,SMOTE,0.5198198198198198
C_MiniLM_384,0.0,NN,ADASYN,0.2108108108108108
C_MiniLM_384,0.0,NN,Borderline-SMOTE,0.23783783783783785
C_MiniLM_384,0.0,NN,None,0.23063063063063063
C_MiniLM_384,0.0,NN,ROS,0.2333333333333333
C_MiniLM_384,0.0,NN,SMOTE,0.19909909909909912
C_MiniLM_384,0.0,SVM,ADASYN,0.5846846846846847
C_MiniLM_384,0.0,SVM,Borderline-SMOTE,0.5144144144144145
C_MiniLM_384,0.0,SVM,None,0.05675675675675675
C_MiniLM_384,0.0,SVM,ROS,0.5981981981981982
C_MiniLM_384,0.0,SVM,SMOTE,0.5891891891891892
C_MiniLM_384,0.1,NN,ADASYN,0.19189189189189187
C_MiniLM_384,0.1,NN,Borderline-SMOTE,0.2135135135135135
C_MiniLM_384,0.1,NN,None,0.2
C_MiniLM_384,0.1,NN,ROS,0.1774774774774775
C_MiniLM_384,0.1,NN,SMOTE,0.1927927927927928
C_MiniLM_384,0.1,SVM,ADASYN,0.5693693693693694
C_MiniLM_384,0.1,SVM,Borderline-SMOTE,0.49099099099099097
C_MiniLM_384,0.1,SVM,None,0.032432432432432434
C_MiniLM_384,0.1,SVM,ROS,0.581981981981982
C_MiniLM_384,0.1,SVM,SMOTE,0.5783783783783785
C_MiniLM_384,0.25,NN,ADASYN,0.17117117117117117
C_MiniLM_384,0.25,NN,Borderline-SMOTE,0.1783783783783784
C_MiniLM_384,0.25,NN,None,0.16666666666666666
C_MiniLM_384,0.25,NN,ROS,0.16306306306306306
C_MiniLM_384,0.25,NN,SMOTE,0.15045045045045044
C_MiniLM_384,0.25,SVM,ADASYN,0.5540540540540541
C_MiniLM_384,0.25,SVM,Borderline-SMOTE,0.46126126126126127
C_MiniLM_384,0.25,SVM,None,0.011711711711711712
C_MiniLM_384,0.25,SVM,ROS,0.572072072072072
C_MiniLM_384,0.25,SVM,SMOTE,0.5576576576576576
C_MiniLM_384,0.4,NN,ADASYN,0.12972972972972974
C_MiniLM_384,0.4,NN,Borderline-SMOTE,0.14324324324324325
C_MiniLM_384,0.4,NN,None,0.14234234234234236
C_MiniLM_384,0.4,NN,ROS,0.12252252252252252
C_MiniLM_384,0.4,NN,SMOTE,0.1135135135135135
C_MiniLM_384,0.4,SVM,ADASYN,0.5198198198198198
C_MiniLM_384,0.4,SVM,Borderline-SMOTE,0.3801801801801802
C_MiniLM_384,0.4,SVM,None,0.0045045045045045045
C_MiniLM_384,0.4,SVM,ROS,0.527027027027027
C_MiniLM_384,0.4,SVM,SMOTE,0.5234234234234234
