Condition,Seed,Noise Rate,Model,mean_recall,std_recall,min_recall,max_recall,spread,CV
A_TFIDF_full,1,0.0,NN,0.5153153153153153,0.02174327637143631,0.4954954954954955,0.545045045045045,0.04954954954954954,0.04219412023128376
A_TFIDF_full,1,0.0,SVM,0.555855855855856,0.11250445256273653,0.4009009009009009,0.6756756756756757,0.27477477477477474,0.2023986099588939
A_TFIDF_full,1,0.1,NN,0.4378378378378379,0.014734619129546057,0.42342342342342343,0.4594594594594595,0.03603603603603606,0.03365314245637062
A_TFIDF_full,1,0.1,SVM,0.5009009009009009,0.1219298729637162,0.32432432432432434,0.6306306306306306,0.3063063063063063,0.2434211492620953
A_TFIDF_full,1,0.25,NN,0.3144144144144144,0.03143485823850072,0.2702702702702703,0.34684684684684686,0.07657657657657657,0.09997906201930029
A_TFIDF_full,1,0.25,SVM,0.4495495495495495,0.15425543973109207,0.23873873873873874,0.6171171171171171,0.3783783783783784,0.34313334288880204
A_TFIDF_full,1,0.4,NN,0.2693693693693694,0.05218230795522372,0.19369369369369369,0.32432432432432434,0.13063063063063066,0.1937202736799275
A_TFIDF_full,1,0.4,SVM,0.327027027027027,0.13893311526999869,0.13063063063063063,0.4594594594594595,0.32882882882882886,0.42483679875950014
A_TFIDF_full,2,0.0,NN,0.5405405405405406,0.028842901970418222,0.5180180180180181,0.5720720720720721,0.05405405405405406,0.05335936864527371
A_TFIDF_full,2,0.0,SVM,0.6081081081081081,0.11297239823409416,0.45045045045045046,0.7297297297297297,0.27927927927927926,0.1857768326516215
A_TFIDF_full,2,0.1,NN,0.46756756756756757,0.03111044441411173,0.44594594594594594,0.5225225225225225,0.07657657657657657,0.06653678863133722
A_TFIDF_full,2,0.1,SVM,0.5486486486486487,0.13017940085180862,0.36936936936936937,0.6801801801801802,0.31081081081081086,0.23727279958211422
A_TFIDF_full,2,0.25,NN,0.3756756756756757,0.035267710146060144,0.32882882882882886,0.4144144144144144,0.08558558558558554,0.09387807736721045
A_TFIDF_full,2,0.25,SVM,0.4468468468468469,0.16990403436766277,0.22522522522522523,0.6216216216216216,0.39639639639639634,0.3802287865889227
A_TFIDF_full,2,0.4,NN,0.31171171171171175,0.04652959102204228,0.26126126126126126,0.36486486486486486,0.1036036036036036,0.1492712313134882
A_TFIDF_full,2,0.4,SVM,0.39909909909909913,0.16922195041108987,0.15765765765765766,0.5765765765765766,0.4189189189189189,0.42400985317451406
A_TFIDF_full,3,0.0,NN,0.46306306306306305,0.01947905253192761,0.43243243243243246,0.4774774774774775,0.04504504504504503,0.04206565819151682
A_TFIDF_full,3,0.0,SVM,0.572972972972973,0.12415610763626461,0.4099099099099099,0.7027027027027027,0.29279279279279286,0.21668754634631088
A_TFIDF_full,3,0.1,NN,0.41261261261261256,0.020789154521106898,0.38738738738738737,0.44144144144144143,0.05405405405405406,0.05038419545508441
A_TFIDF_full,3,0.1,SVM,0.5099099099099099,0.11829792815265451,0.35135135135135137,0.6351351351351351,0.2837837837837837,0.23199770362093022
A_TFIDF_full,3,0.25,NN,0.3333333333333333,0.024257499131236475,0.30180180180180183,0.35585585585585583,0.054054054054054,0.07277249739370943
A_TFIDF_full,3,0.25,SVM,0.42252252252252254,0.15595606839184303,0.21171171171171171,0.5720720720720721,0.3603603603603604,0.36910711282504427
A_TFIDF_full,3,0.4,NN,0.2774774774774775,0.0228800452237843,0.24774774774774774,0.3063063063063063,0.05855855855855854,0.0824573058389629
A_TFIDF_full,3,0.4,SVM,0.34324324324324323,0.15936654288868032,0.13063063063063063,0.49099099099099097,0.36036036036036034,0.46429622731347814
A_TFIDF_full,4,0.0,NN,0.47927927927927927,0.048993605157400824,0.40540540540540543,0.5315315315315315,0.12612612612612611,0.10222349948254683
A_TFIDF_full,4,0.0,SVM,0.572972972972973,0.09998579559859318,0.4369369369369369,0.6846846846846847,0.24774774774774777,0.17450351118622393
A_TFIDF_full,4,0.1,NN,0.4288288288288288,0.04395066997351521,0.36486486486486486,0.46396396396396394,0.09909909909909909,0.1024900077113485
A_TFIDF_full,4,0.1,SVM,0.5072072072072072,0.11420495830843753,0.32882882882882886,0.6036036036036037,0.2747747747747748,0.22516430501308288
A_TFIDF_full,4,0.25,NN,0.3918918918918919,0.051359253382844035,0.32882882882882886,0.44144144144144143,0.11261261261261257,0.13105464656311927
A_TFIDF_full,4,0.25,SVM,0.45495495495495497,0.15929013252330562,0.21171171171171171,0.5990990990990991,0.38738738738738737,0.3501228655462757
A_TFIDF_full,4,0.4,NN,0.24684684684684685,0.061300994004338756,0.16666666666666666,0.32882882882882886,0.1621621621621622,0.24833614359421904
A_TFIDF_full,4,0.4,SVM,0.3234234234234234,0.14181679694517038,0.13063063063063063,0.45045045045045046,0.31981981981981983,0.43848647523437084
A_TFIDF_full,5,0.0,NN,0.5468468468468468,0.02265725466659332,0.5225225225225225,0.5720720720720721,0.0495495495495496,0.04143254148256769
A_TFIDF_full,5,0.0,SVM,0.5963963963963963,0.111189202328239,0.44144144144144143,0.7252252252252253,0.2837837837837838,0.18643506734795365
A_TFIDF_full,5,0.1,NN,0.472072072072072,0.03127307199587348,0.42792792792792794,0.5045045045045045,0.07657657657657652,0.06624639296835795
A_TFIDF_full,5,0.1,SVM,0.536936936936937,0.12259371275720785,0.34684684684684686,0.6711711711711712,0.32432432432432434,0.2283205053028535
A_TFIDF_full,5,0.25,NN,0.34144144144144145,0.019993100019074006,0.31981981981981983,0.3738738738738739,0.05405405405405406,0.05855498950177347
A_TFIDF_full,5,0.25,SVM,0.42792792792792794,0.14665604140630367,0.20270270270270271,0.5765765765765766,0.37387387387387383,0.34271201254946754
A_TFIDF_full,5,0.4,NN,0.27837837837837837,0.035238931920014316,0.24324324324324326,0.32432432432432434,0.08108108108108109,0.12658645446995434
A_TFIDF_full,5,0.4,SVM,0.3405405405405405,0.13296302362739285,0.13513513513513514,0.46846846846846846,0.3333333333333333,0.3904469741439314
B_TFIDF_SVD384,1,0.0,NN,0.34144144144144145,0.014734619129546059,0.31981981981981983,0.35585585585585583,0.036036036036036,0.04315416156674439
B_TFIDF_SVD384,1,0.0,SVM,0.517117117117117,0.1749349131690615,0.2072072072072072,0.6351351351351351,0.4279279279279279,0.3382887693687427
B_TFIDF_SVD384,1,0.1,NN,0.2990990990990991,0.03856550413153873,0.26576576576576577,0.36036036036036034,0.09459459459459457,0.1289388842952048
B_TFIDF_SVD384,1,0.1,SVM,0.4954954954954955,0.18651586137624673,0.16666666666666666,0.6306306306306306,0.463963963963964,0.3764229202320616
B_TFIDF_SVD384,1,0.25,NN,0.236036036036036,0.05791398540405464,0.1891891891891892,0.32432432432432434,0.13513513513513514,0.24536077785687274
B_TFIDF_SVD384,1,0.25,SVM,0.472072072072072,0.21396159315898478,0.0945945945945946,0.6261261261261262,0.5315315315315315,0.45323925268410903
B_TFIDF_SVD384,1,0.4,NN,0.2099099099099099,0.026762974373897193,0.17567567567567569,0.23873873873873874,0.06306306306306306,0.1274974315666347
B_TFIDF_SVD384,1,0.4,SVM,0.41441441441441446,0.20947156799254815,0.04504504504504504,0.5585585585585585,0.5135135135135135,0.5054640010254966
B_TFIDF_SVD384,2,0.0,NN,0.2945945945945946,0.02396294788877546,0.26126126126126126,0.31981981981981983,0.05855855855855857,0.081342116686669
B_TFIDF_SVD384,2,0.0,SVM,0.5018018018018018,0.17649956952919157,0.19369369369369369,0.6306306306306306,0.4369369369369369,0.35173163766140514
B_TFIDF_SVD384,2,0.1,NN,0.2702702702702703,0.033858775626966015,0.23873873873873874,0.32432432432432434,0.0855855855855856,0.12527746981977425
B_TFIDF_SVD384,2,0.1,SVM,0.4801801801801802,0.18834539415927992,0.14864864864864866,0.6081081081081081,0.45945945945945943,0.3922390009696073
B_TFIDF_SVD384,2,0.25,NN,0.1900900900900901,0.015407776014853216,0.17567567567567569,0.21621621621621623,0.04054054054054054,0.08105512500704772
B_TFIDF_SVD384,2,0.25,SVM,0.42792792792792794,0.20679061137185636,0.06306306306306306,0.5675675675675675,0.5045045045045045,0.48323700762686433
B_TFIDF_SVD384,2,0.4,NN,0.1891891891891892,0.023621820904733155,0.17117117117117117,0.22972972972972974,0.05855855855855857,0.12485819621073238
B_TFIDF_SVD384,2,0.4,SVM,0.45045045045045046,0.241443122220854,0.03153153153153153,0.5990990990990991,0.5675675675675675,0.5360037313302959
B_TFIDF_SVD384,3,0.0,NN,0.30720720720720723,0.02413170312788986,0.2702702702702703,0.33783783783783783,0.06756756756756754,0.07855187821688488
B_TFIDF_SVD384,3,0.0,SVM,0.49099099099099097,0.173496533086223,0.18468468468468469,0.6126126126126126,0.4279279279279279,0.3533599114233166
B_TFIDF_SVD384,3,0.1,NN,0.26666666666666666,0.03331506682360468,0.21621621621621623,0.30180180180180183,0.0855855855855856,0.12493150058851756
B_TFIDF_SVD384,3,0.1,SVM,0.4666666666666667,0.18470116384400706,0.14414414414414414,0.6036036036036037,0.45945945945945954,0.395788208237158
B_TFIDF_SVD384,3,0.25,NN,0.22162162162162163,0.015074955433046417,0.2072072072072072,0.24324324324324326,0.03603603603603606,0.06802114036862407
B_TFIDF_SVD384,3,0.25,SVM,0.4315315315315315,0.20608785003406047,0.07207207207207207,0.5945945945945946,0.5225225225225225,0.4775730971561735
B_TFIDF_SVD384,3,0.4,NN,0.14504504504504506,0.034804403192940286,0.0990990990990991,0.18018018018018017,0.08108108108108107,0.23995582325567524
B_TFIDF_SVD384,3,0.4,SVM,0.3963963963963964,0.2181082755617429,0.018018018018018018,0.5630630630630631,0.545045045045045,0.5502276951671241
B_TFIDF_SVD384,4,0.0,NN,0.3387387387387387,0.03436438040137055,0.2927927927927928,0.3783783783783784,0.0855855855855856,0.10144803788702476
B_TFIDF_SVD384,4,0.0,SVM,0.5045045045045045,0.17794218211805118,0.19369369369369369,0.6396396396396397,0.44594594594594594,0.35270682526970865
B_TFIDF_SVD384,4,0.1,NN,0.24324324324324326,0.018018018018018018,0.22522522522522523,0.2702702702702703,0.04504504504504506,0.07407407407407407
B_TFIDF_SVD384,4,0.1,SVM,0.46846846846846846,0.21132800190522344,0.0945945945945946,0.5900900900900901,0.49549549549549543,0.45110400406691925
B_TFIDF_SVD384,4,0.25,NN,0.21531531531531528,0.036511502935422414,0.17567567567567569,0.25675675675675674,0.08108108108108106,0.16957225212685725
B_TFIDF_SVD384,4,0.25,SVM,0.4414414414414415,0.21854972019294058,0.05855855855855856,0.5900900900900901,0.5315315315315315,0.49508201921257966
B_TFIDF_SVD384,4,0.4,NN,0.18288288288288287,0.029469238259092114,0.16216216216216217,0.23423423423423423,0.07207207207207206,0.16113721412607018
B_TFIDF_SVD384,4,0.4,SVM,0.3918918918918919,0.20023523217020603,0.036036036036036036,0.509009009009009,0.47297297297297297,0.5109450751929395
B_TFIDF_SVD384,5,0.0,NN,0.35855855855855856,0.04709308122048694,0.2972972972972973,0.4144144144144144,0.11711711711711709,0.13134000038879523
B_TFIDF_SVD384,5,0.0,SVM,0.5207207207207207,0.17698747924939293,0.2072072072072072,0.6351351351351351,0.4279279279279279,0.3398894497695954
B_TFIDF_SVD384,5,0.1,NN,0.3162162162162162,0.03421644867537468,0.25675675675675674,0.34234234234234234,0.0855855855855856,0.10820586333238148
B_TFIDF_SVD384,5,0.1,SVM,0.47837837837837843,0.19555464708969908,0.13063063063063063,0.5945945945945946,0.463963963963964,0.4087865504134952
B_TFIDF_SVD384,5,0.25,NN,0.23873873873873874,0.02014475655405215,0.21171171171171171,0.26126126126126126,0.04954954954954954,0.08437992367923731
B_TFIDF_SVD384,5,0.25,SVM,0.4477477477477477,0.22399664913374814,0.05405405405405406,0.6036036036036037,0.5495495495495496,0.5002742063148098
B_TFIDF_SVD384,5,0.4,NN,0.17927927927927928,0.018681478696691636,0.16216216216216217,0.2072072072072072,0.04504504504504503,0.1042032228810438
B_TFIDF_SVD384,5,0.4,SVM,0.427027027027027,0.2316953534079717,0.02252252252252252,0.5675675675675675,0.545045045045045,0.5425777263351237
C_MiniLM_384,1,0.0,NN,0.23333333333333334,0.052473127453778245,0.1891891891891892,0.32432432432432434,0.13513513513513514,0.2248848319447639
C_MiniLM_384,1,0.0,SVM,0.44414414414414416,0.23207161742443294,0.036036036036036036,0.5765765765765766,0.5405405405405406,0.5225141893329017
C_MiniLM_384,1,0.1,NN,0.20720720720720723,0.03913997116437561,0.16666666666666666,0.2702702702702703,0.10360360360360363,0.1888929043150301
C_MiniLM_384,1,0.1,SVM,0.42252252252252254,0.2284543292865315,0.02252252252252252,0.5495495495495496,0.5270270270270271,0.5406914829595948
C_MiniLM_384,1,0.25,NN,0.15135135135135136,0.01978908345629621,0.13063063063063063,0.18018018018018017,0.04954954954954954,0.13074930140767138
C_MiniLM_384,1,0.25,SVM,0.4351351351351351,0.24724765251047826,0.0045045045045045045,0.581081081081081,0.5765765765765766,0.5682088908625899
C_MiniLM_384,1,0.4,NN,0.12072072072072074,0.01868147869669164,0.0945945945945946,0.14414414414414414,0.04954954954954954,0.15474956233826656
C_MiniLM_384,1,0.4,SVM,0.38378378378378375,0.22458015731107833,0.0,0.5225225225225225,0.5225225225225225,0.585173649331683
C_MiniLM_384,2,0.0,NN,0.2009009009009009,0.0343938903942722,0.16666666666666666,0.24774774774774774,0.08108108108108109,0.17119828850960603
C_MiniLM_384,2,0.0,SVM,0.45045045045045046,0.2177125400647671,0.06306306306306306,0.5765765765765766,0.5135135135135135,0.48332183894378294
C_MiniLM_384,2,0.1,NN,0.19189189189189187,0.02150871420957355,0.16216216216216217,0.21621621621621623,0.05405405405405406,0.11208766559918612
C_MiniLM_384,2,0.1,SVM,0.436036036036036,0.22272030456110983,0.04504504504504504,0.5765765765765766,0.5315315315315315,0.5107841695513057
C_MiniLM_384,2,0.25,NN,0.13693693693693693,0.03379879546361095,0.1036036036036036,0.17567567567567569,0.07207207207207209,0.24682015108294839
C_MiniLM_384,2,0.25,SVM,0.4135135135135135,0.23178291117445887,0.009009009009009009,0.5585585585585585,0.5495495495495495,0.5605207655852927
C_MiniLM_384,2,0.4,NN,0.1072072072072072,0.03538258898496483,0.05855855855855856,0.14864864864864866,0.0900900900900901,0.3300392754059745
C_MiniLM_384,2,0.4,SVM,0.37207207207207205,0.2202053184511356,0.0,0.527027027027027,0.527027027027027,0.5918351173868294
C_MiniLM_384,3,0.0,NN,0.22162162162162163,0.03223161048648346,0.17117117117117117,0.26126126126126126,0.09009009009009009,0.14543531560974243
C_MiniLM_384,3,0.0,SVM,0.4981981981981982,0.237045670936149,0.07657657657657657,0.6306306306306306,0.5540540540540541,0.4758059579369356
C_MiniLM_384,3,0.1,NN,0.18468468468468469,0.034891741857724486,0.15765765765765766,0.24324324324324326,0.0855855855855856,0.18892601688816674
C_MiniLM_384,3,0.1,SVM,0.47837837837837843,0.247919678262078,0.036036036036036036,0.6036036036036037,0.5675675675675677,0.5182501748981291
C_MiniLM_384,3,0.25,NN,0.19819819819819823,0.02702702702702703,0.17567567567567569,0.22972972972972974,0.05405405405405406,0.13636363636363635
C_MiniLM_384,3,0.25,SVM,0.43873873873873875,0.24147673535232977,0.009009009009009009,0.5720720720720721,0.5630630630630631,0.5503884522404231
C_MiniLM_384,3,0.4,NN,0.13693693693693693,0.012170500978474138,0.12612612612612611,0.15765765765765766,0.03153153153153154,0.08887668477701509
C_MiniLM_384,3,0.4,SVM,0.3954954954954955,0.22500890512547306,0.0045045045045045045,0.527027027027027,0.5225225225225225,0.5689291222990321
C_MiniLM_384,4,0.0,NN,0.227027027027027,0.04023911970113026,0.17567567567567569,0.2702702702702703,0.0945945945945946,0.17724374154069283
C_MiniLM_384,4,0.0,SVM,0.47837837837837843,0.24077830136169423,0.05405405405405406,0.6171171171171171,0.5630630630630631,0.5033218729029766
C_MiniLM_384,4,0.1,NN,0.20270270270270271,0.022067475160208818,0.17117117117117117,0.22522522522522523,0.05405405405405406,0.1088662107903635
C_MiniLM_384,4,0.1,SVM,0.4666666666666666,0.2478828460479351,0.02702702702702703,0.6036036036036037,0.5765765765765767,0.5311775272455752
C_MiniLM_384,4,0.25,NN,0.18108108108108106,0.033618212895577114,0.13963963963963963,0.22522522522522523,0.0855855855855856,0.1856528174830378
C_MiniLM_384,4,0.25,SVM,0.4378378378378379,0.23889591970069066,0.02252252252252252,0.6036036036036037,0.5810810810810811,0.5456264832670095
C_MiniLM_384,4,0.4,NN,0.13873873873873874,0.0287371854193452,0.11711711711711711,0.1891891891891892,0.07207207207207209,0.20713166113943618
C_MiniLM_384,4,0.4,SVM,0.41441441441441446,0.236153777112038,0.009009009009009009,0.5585585585585585,0.5495495495495495,0.5698493317268742
C_MiniLM_384,5,0.0,NN,0.22882882882882885,0.04206348659433785,0.18018018018018017,0.28378378378378377,0.1036036036036036,0.183820748502815
C_MiniLM_384,5,0.0,SVM,0.472072072072072,0.23716975510376365,0.05405405405405406,0.6171171171171171,0.5630630630630631,0.5024015804678963
C_MiniLM_384,5,0.1,NN,0.1891891891891892,0.01685431255303578,0.17567567567567569,0.21171171171171171,0.03603603603603603,0.08908708063747484
C_MiniLM_384,5,0.1,SVM,0.4495495495495495,0.2392142129052371,0.03153153153153153,0.6036036036036037,0.5720720720720721,0.5321197922340946
C_MiniLM_384,5,0.25,NN,0.16216216216216214,0.03385877562696601,0.12612612612612611,0.21171171171171171,0.0855855855855856,0.20879578303295707
C_MiniLM_384,5,0.25,SVM,0.4315315315315315,0.23693436781397534,0.013513513513513514,0.5630630630630631,0.5495495495495496,0.5490545892975212
C_MiniLM_384,5,0.4,NN,0.14774774774774774,0.01121612576395381,0.13963963963963963,0.16666666666666666,0.02702702702702703,0.07591402193895568
C_MiniLM_384,5,0.4,SVM,0.3891891891891892,0.21921253435033627,0.009009009009009009,0.5225225225225225,0.5135135135135135,0.5632544285390585
