Condition,Seed,Noise Rate,Model,Balancing,Target Recall
A_TFIDF_full,1,0.0,SVM,None,0.4009009009009009
A_TFIDF_full,1,0.0,NN,None,0.5045045045045045
A_TFIDF_full,1,0.0,SVM,ROS,0.5765765765765766
A_TFIDF_full,1,0.0,NN,ROS,0.4954954954954955
A_TFIDF_full,1,0.0,SVM,SMOTE,0.6396396396396397
A_TFIDF_full,1,0.0,NN,SMOTE,0.5315315315315315
A_TFIDF_full,1,0.0,SVM,ADASYN,0.6756756756756757
A_TFIDF_full,1,0.0,NN,ADASYN,0.5
A_TFIDF_full,1,0.0,SVM,Borderline-SMOTE,0.4864864864864865
A_TFIDF_full,1,0.0,NN,Borderline-SMOTE,0.545045045045045
A_TFIDF_full,1,0.1,SVM,None,0.32432432432432434
A_TFIDF_full,1,0.1,NN,None,0.43243243243243246
A_TFIDF_full,1,0.1,SVM,ROS,0.5315315315315315
A_TFIDF_full,1,0.1,NN,ROS,0.42792792792792794
A_TFIDF_full,1,0.1,SVM,SMOTE,0.581081081081081
A_TFIDF_full,1,0.1,NN,SMOTE,0.44594594594594594
A_TFIDF_full,1,0.1,SVM,ADASYN,0.6306306306306306
A_TFIDF_full,1,0.1,NN,ADASYN,0.42342342342342343
A_TFIDF_full,1,0.1,SVM,Borderline-SMOTE,0.4369369369369369
A_TFIDF_full,1,0.1,NN,Borderline-SMOTE,0.4594594594594595
A_TFIDF_full,1,0.25,SVM,None,0.23873873873873874
A_TFIDF_full,1,0.25,NN,None,0.30180180180180183
A_TFIDF_full,1,0.25,SVM,ROS,0.4954954954954955
A_TFIDF_full,1,0.25,NN,ROS,0.2702702702702703
A_TFIDF_full,1,0.25,SVM,SMOTE,0.5495495495495496
A_TFIDF_full,1,0.25,NN,SMOTE,0.34234234234234234
A_TFIDF_full,1,0.25,SVM,ADASYN,0.6171171171171171
A_TFIDF_full,1,0.25,NN,ADASYN,0.3108108108108108
A_TFIDF_full,1,0.25,SVM,Borderline-SMOTE,0.34684684684684686
A_TFIDF_full,1,0.25,NN,Borderline-SMOTE,0.34684684684684686
A_TFIDF_full,1,0.4,SVM,None,0.13063063063063063
A_TFIDF_full,1,0.4,NN,None,0.27927927927927926
A_TFIDF_full,1,0.4,SVM,ROS,0.3738738738738739
A_TFIDF_full,1,0.4,NN,ROS,0.32432432432432434
A_TFIDF_full,1,0.4,SVM,SMOTE,0.43243243243243246
A_TFIDF_full,1,0.4,NN,SMOTE,0.24324324324324326
A_TFIDF_full,1,0.4,SVM,ADASYN,0.4594594594594595
A_TFIDF_full,1,0.4,NN,ADASYN,0.19369369369369369
A_TFIDF_full,1,0.4,SVM,Borderline-SMOTE,0.23873873873873874
A_TFIDF_full,1,0.4,NN,Borderline-SMOTE,0.3063063063063063
A_TFIDF_full,2,0.0,SVM,None,0.45045045045045046
A_TFIDF_full,2,0.0,NN,None,0.5720720720720721
A_TFIDF_full,2,0.0,SVM,ROS,0.6486486486486487
A_TFIDF_full,2,0.0,NN,ROS,0.5720720720720721
A_TFIDF_full,2,0.0,SVM,SMOTE,0.6756756756756757
A_TFIDF_full,2,0.0,NN,SMOTE,0.5180180180180181
A_TFIDF_full,2,0.0,SVM,ADASYN,0.7297297297297297
A_TFIDF_full,2,0.0,NN,ADASYN,0.5180180180180181
A_TFIDF_full,2,0.0,SVM,Borderline-SMOTE,0.536036036036036
A_TFIDF_full,2,0.0,NN,Borderline-SMOTE,0.5225225225225225
A_TFIDF_full,2,0.1,SVM,None,0.36936936936936937
A_TFIDF_full,2,0.1,NN,None,0.45495495495495497
A_TFIDF_full,2,0.1,SVM,ROS,0.5945945945945946
A_TFIDF_full,2,0.1,NN,ROS,0.4594594594594595
A_TFIDF_full,2,0.1,SVM,SMOTE,0.6396396396396397
A_TFIDF_full,2,0.1,NN,SMOTE,0.45495495495495497
A_TFIDF_full,2,0.1,SVM,ADASYN,0.6801801801801802
A_TFIDF_full,2,0.1,NN,ADASYN,0.44594594594594594
A_TFIDF_full,2,0.1,SVM,Borderline-SMOTE,0.4594594594594595
A_TFIDF_full,2,0.1,NN,Borderline-SMOTE,0.5225225225225225
A_TFIDF_full,2,0.25,SVM,None,0.22522522522522523
A_TFIDF_full,2,0.25,NN,None,0.4144144144144144
A_TFIDF_full,2,0.25,SVM,ROS,0.5
A_TFIDF_full,2,0.25,NN,ROS,0.40540540540540543
A_TFIDF_full,2,0.25,SVM,SMOTE,0.5720720720720721
A_TFIDF_full,2,0.25,NN,SMOTE,0.35585585585585583
A_TFIDF_full,2,0.25,SVM,ADASYN,0.6216216216216216
A_TFIDF_full,2,0.25,NN,ADASYN,0.3738738738738739
A_TFIDF_full,2,0.25,SVM,Borderline-SMOTE,0.3153153153153153
A_TFIDF_full,2,0.25,NN,Borderline-SMOTE,0.32882882882882886
A_TFIDF_full,2,0.4,SVM,None,0.15765765765765766
A_TFIDF_full,2,0.4,NN,None,0.35135135135135137
A_TFIDF_full,2,0.4,SVM,ROS,0.46396396396396394
A_TFIDF_full,2,0.4,NN,ROS,0.2702702702702703
A_TFIDF_full,2,0.4,SVM,SMOTE,0.5
A_TFIDF_full,2,0.4,NN,SMOTE,0.26126126126126126
A_TFIDF_full,2,0.4,SVM,ADASYN,0.5765765765765766
A_TFIDF_full,2,0.4,NN,ADASYN,0.3108108108108108
A_TFIDF_full,2,0.4,SVM,Borderline-SMOTE,0.2972972972972973
A_TFIDF_full,2,0.4,NN,Borderline-SMOTE,0.36486486486486486
A_TFIDF_full,3,0.0,SVM,None,0.4099099099099099
A_TFIDF_full,3,0.0,NN,None,0.4774774774774775
A_TFIDF_full,3,0.0,SVM,ROS,0.6171171171171171
A_TFIDF_full,3,0.0,NN,ROS,0.45495495495495497
A_TFIDF_full,3,0.0,SVM,SMOTE,0.6576576576576577
A_TFIDF_full,3,0.0,NN,SMOTE,0.4774774774774775
A_TFIDF_full,3,0.0,SVM,ADASYN,0.7027027027027027
A_TFIDF_full,3,0.0,NN,ADASYN,0.43243243243243246
A_TFIDF_full,3,0.0,SVM,Borderline-SMOTE,0.4774774774774775
A_TFIDF_full,3,0.0,NN,Borderline-SMOTE,0.47297297297297297
A_TFIDF_full,3,0.1,SVM,None,0.35135135135135137
A_TFIDF_full,3,0.1,NN,None,0.4099099099099099
A_TFIDF_full,3,0.1,SVM,ROS,0.5540540540540541
A_TFIDF_full,3,0.1,NN,ROS,0.38738738738738737
A_TFIDF_full,3,0.1,SVM,SMOTE,0.5855855855855856
A_TFIDF_full,3,0.1,NN,SMOTE,0.44144144144144143
A_TFIDF_full,3,0.1,SVM,ADASYN,0.6351351351351351
A_TFIDF_full,3,0.1,NN,ADASYN,0.4009009009009009
A_TFIDF_full,3,0.1,SVM,Borderline-SMOTE,0.42342342342342343
A_TFIDF_full,3,0.1,NN,Borderline-SMOTE,0.42342342342342343
A_TFIDF_full,3,0.25,SVM,None,0.21171171171171171
A_TFIDF_full,3,0.25,NN,None,0.33783783783783783
A_TFIDF_full,3,0.25,SVM,ROS,0.4864864864864865
A_TFIDF_full,3,0.25,NN,ROS,0.30180180180180183
A_TFIDF_full,3,0.25,SVM,SMOTE,0.536036036036036
A_TFIDF_full,3,0.25,NN,SMOTE,0.35585585585585583
A_TFIDF_full,3,0.25,SVM,ADASYN,0.5720720720720721
A_TFIDF_full,3,0.25,NN,ADASYN,0.3153153153153153
A_TFIDF_full,3,0.25,SVM,Borderline-SMOTE,0.3063063063063063
A_TFIDF_full,3,0.25,NN,Borderline-SMOTE,0.35585585585585583
A_TFIDF_full,3,0.4,SVM,None,0.13063063063063063
A_TFIDF_full,3,0.4,NN,None,0.2927927927927928
A_TFIDF_full,3,0.4,SVM,ROS,0.40540540540540543
A_TFIDF_full,3,0.4,NN,ROS,0.2747747747747748
A_TFIDF_full,3,0.4,SVM,SMOTE,0.46846846846846846
A_TFIDF_full,3,0.4,NN,SMOTE,0.3063063063063063
A_TFIDF_full,3,0.4,SVM,ADASYN,0.49099099099099097
A_TFIDF_full,3,0.4,NN,ADASYN,0.26576576576576577
A_TFIDF_full,3,0.4,SVM,Borderline-SMOTE,0.22072072072072071
A_TFIDF_full,3,0.4,NN,Borderline-SMOTE,0.24774774774774774
A_TFIDF_full,4,0.0,SVM,None,0.4369369369369369
A_TFIDF_full,4,0.0,NN,None,0.5135135135135135
A_TFIDF_full,4,0.0,SVM,ROS,0.5945945945945946
A_TFIDF_full,4,0.0,NN,ROS,0.46396396396396394
A_TFIDF_full,4,0.0,SVM,SMOTE,0.6396396396396397
A_TFIDF_full,4,0.0,NN,SMOTE,0.481981981981982
A_TFIDF_full,4,0.0,SVM,ADASYN,0.6846846846846847
A_TFIDF_full,4,0.0,NN,ADASYN,0.40540540540540543
A_TFIDF_full,4,0.0,SVM,Borderline-SMOTE,0.509009009009009
A_TFIDF_full,4,0.0,NN,Borderline-SMOTE,0.5315315315315315
A_TFIDF_full,4,0.1,SVM,None,0.32882882882882886
A_TFIDF_full,4,0.1,NN,None,0.36486486486486486
A_TFIDF_full,4,0.1,SVM,ROS,0.5585585585585585
A_TFIDF_full,4,0.1,NN,ROS,0.4009009009009009
A_TFIDF_full,4,0.1,SVM,SMOTE,0.5855855855855856
A_TFIDF_full,4,0.1,NN,SMOTE,0.4594594594594595
A_TFIDF_full,4,0.1,SVM,ADASYN,0.6036036036036037
A_TFIDF_full,4,0.1,NN,ADASYN,0.46396396396396394
A_TFIDF_full,4,0.1,SVM,Borderline-SMOTE,0.4594594594594595
A_TFIDF_full,4,0.1,NN,Borderline-SMOTE,0.45495495495495497
A_TFIDF_full,4,0.25,SVM,None,0.21171171171171171
A_TFIDF_full,4,0.25,NN,None,0.44144144144144143
A_TFIDF_full,4,0.25,SVM,ROS,0.5315315315315315
A_TFIDF_full,4,0.25,NN,ROS,0.35135135135135137
A_TFIDF_full,4,0.25,SVM,SMOTE,0.5540540540540541
A_TFIDF_full,4,0.25,NN,SMOTE,0.44144144144144143
A_TFIDF_full,4,0.25,SVM,ADASYN,0.5990990990990991
A_TFIDF_full,4,0.25,NN,ADASYN,0.32882882882882886
A_TFIDF_full,4,0.25,SVM,Borderline-SMOTE,0.3783783783783784
A_TFIDF_full,4,0.25,NN,Borderline-SMOTE,0.3963963963963964
A_TFIDF_full,4,0.4,SVM,None,0.13063063063063063
A_TFIDF_full,4,0.4,NN,None,0.2702702702702703
A_TFIDF_full,4,0.4,SVM,ROS,0.36036036036036034
A_TFIDF_full,4,0.4,NN,ROS,0.16666666666666666
A_TFIDF_full,4,0.4,SVM,SMOTE,0.45045045045045046
A_TFIDF_full,4,0.4,NN,SMOTE,0.25675675675675674
A_TFIDF_full,4,0.4,SVM,ADASYN,0.45045045045045046
A_TFIDF_full,4,0.4,NN,ADASYN,0.32882882882882886
A_TFIDF_full,4,0.4,SVM,Borderline-SMOTE,0.22522522522522523
A_TFIDF_full,4,0.4,NN,Borderline-SMOTE,0.21171171171171171
A_TFIDF_full,5,0.0,SVM,None,0.44144144144144143
A_TFIDF_full,5,0.0,NN,None,0.5225225225225225
A_TFIDF_full,5,0.0,SVM,ROS,0.6126126126126126
A_TFIDF_full,5,0.0,NN,ROS,0.545045045045045
A_TFIDF_full,5,0.0,SVM,SMOTE,0.6666666666666666
A_TFIDF_full,5,0.0,NN,SMOTE,0.5675675675675675
A_TFIDF_full,5,0.0,SVM,ADASYN,0.7252252252252253
A_TFIDF_full,5,0.0,NN,ADASYN,0.527027027027027
A_TFIDF_full,5,0.0,SVM,Borderline-SMOTE,0.536036036036036
A_TFIDF_full,5,0.0,NN,Borderline-SMOTE,0.5720720720720721
A_TFIDF_full,5,0.1,SVM,None,0.34684684684684686
A_TFIDF_full,5,0.1,NN,None,0.46396396396396394
A_TFIDF_full,5,0.1,SVM,ROS,0.5585585585585585
A_TFIDF_full,5,0.1,NN,ROS,0.42792792792792794
A_TFIDF_full,5,0.1,SVM,SMOTE,0.6036036036036037
A_TFIDF_full,5,0.1,NN,SMOTE,0.5
A_TFIDF_full,5,0.1,SVM,ADASYN,0.6711711711711712
A_TFIDF_full,5,0.1,NN,ADASYN,0.46396396396396394
A_TFIDF_full,5,0.1,SVM,Borderline-SMOTE,0.5045045045045045
A_TFIDF_full,5,0.1,NN,Borderline-SMOTE,0.5045045045045045
A_TFIDF_full,5,0.25,SVM,None,0.20270270270270271
A_TFIDF_full,5,0.25,NN,None,0.33783783783783783
A_TFIDF_full,5,0.25,SVM,ROS,0.4774774774774775
A_TFIDF_full,5,0.25,NN,ROS,0.31981981981981983
A_TFIDF_full,5,0.25,SVM,SMOTE,0.5135135135135135
A_TFIDF_full,5,0.25,NN,SMOTE,0.3333333333333333
A_TFIDF_full,5,0.25,SVM,ADASYN,0.5765765765765766
A_TFIDF_full,5,0.25,NN,ADASYN,0.3738738738738739
A_TFIDF_full,5,0.25,SVM,Borderline-SMOTE,0.36936936936936937
A_TFIDF_full,5,0.25,NN,Borderline-SMOTE,0.34234234234234234
A_TFIDF_full,5,0.4,SVM,None,0.13513513513513514
A_TFIDF_full,5,0.4,NN,None,0.2972972972972973
A_TFIDF_full,5,0.4,SVM,ROS,0.38288288288288286
A_TFIDF_full,5,0.4,NN,ROS,0.24324324324324326
A_TFIDF_full,5,0.4,SVM,SMOTE,0.42792792792792794
A_TFIDF_full,5,0.4,NN,SMOTE,0.32432432432432434
A_TFIDF_full,5,0.4,SVM,ADASYN,0.46846846846846846
A_TFIDF_full,5,0.4,NN,ADASYN,0.28378378378378377
A_TFIDF_full,5,0.4,SVM,Borderline-SMOTE,0.2882882882882883
A_TFIDF_full,5,0.4,NN,Borderline-SMOTE,0.24324324324324326
B_TFIDF_SVD384,1,0.0,SVM,None,0.2072072072072072
B_TFIDF_SVD384,1,0.0,NN,None,0.35135135135135137
B_TFIDF_SVD384,1,0.0,SVM,ROS,0.6351351351351351
B_TFIDF_SVD384,1,0.0,NN,ROS,0.31981981981981983
B_TFIDF_SVD384,1,0.0,SVM,SMOTE,0.5900900900900901
B_TFIDF_SVD384,1,0.0,NN,SMOTE,0.34684684684684686
B_TFIDF_SVD384,1,0.0,SVM,ADASYN,0.5720720720720721
B_TFIDF_SVD384,1,0.0,NN,ADASYN,0.35585585585585583
B_TFIDF_SVD384,1,0.0,SVM,Borderline-SMOTE,0.581081081081081
B_TFIDF_SVD384,1,0.0,NN,Borderline-SMOTE,0.3333333333333333
B_TFIDF_SVD384,1,0.1,SVM,None,0.16666666666666666
B_TFIDF_SVD384,1,0.1,NN,None,0.36036036036036034
B_TFIDF_SVD384,1,0.1,SVM,ROS,0.6306306306306306
B_TFIDF_SVD384,1,0.1,NN,ROS,0.2882882882882883
B_TFIDF_SVD384,1,0.1,SVM,SMOTE,0.5720720720720721
B_TFIDF_SVD384,1,0.1,NN,SMOTE,0.26576576576576577
B_TFIDF_SVD384,1,0.1,SVM,ADASYN,0.5495495495495496
B_TFIDF_SVD384,1,0.1,NN,ADASYN,0.2702702702702703
B_TFIDF_SVD384,1,0.1,SVM,Borderline-SMOTE,0.5585585585585585
B_TFIDF_SVD384,1,0.1,NN,Borderline-SMOTE,0.3108108108108108
B_TFIDF_SVD384,1,0.25,SVM,None,0.0945945945945946
B_TFIDF_SVD384,1,0.25,NN,None,0.32432432432432434
B_TFIDF_SVD384,1,0.25,SVM,ROS,0.6261261261261262
B_TFIDF_SVD384,1,0.25,NN,ROS,0.26576576576576577
B_TFIDF_SVD384,1,0.25,SVM,SMOTE,0.5585585585585585
B_TFIDF_SVD384,1,0.25,NN,SMOTE,0.1891891891891892
B_TFIDF_SVD384,1,0.25,SVM,ADASYN,0.536036036036036
B_TFIDF_SVD384,1,0.25,NN,ADASYN,0.1981981981981982
B_TFIDF_SVD384,1,0.25,SVM,Borderline-SMOTE,0.545045045045045
B_TFIDF_SVD384,1,0.25,NN,Borderline-SMOTE,0.20270270270270271
B_TFIDF_SVD384,1,0.4,SVM,None,0.04504504504504504
B_TFIDF_SVD384,1,0.4,NN,None,0.23873873873873874
B_TFIDF_SVD384,1,0.4,SVM,ROS,0.5585585585585585
B_TFIDF_SVD384,1,0.4,NN,ROS,0.23423423423423423
B_TFIDF_SVD384,1,0.4,SVM,SMOTE,0.5
B_TFIDF_SVD384,1,0.4,NN,SMOTE,0.19369369369369369
B_TFIDF_SVD384,1,0.4,SVM,ADASYN,0.509009009009009
B_TFIDF_SVD384,1,0.4,NN,ADASYN,0.17567567567567569
B_TFIDF_SVD384,1,0.4,SVM,Borderline-SMOTE,0.4594594594594595
B_TFIDF_SVD384,1,0.4,NN,Borderline-SMOTE,0.2072072072072072
B_TFIDF_SVD384,2,0.0,SVM,None,0.19369369369369369
B_TFIDF_SVD384,2,0.0,NN,None,0.31981981981981983
B_TFIDF_SVD384,2,0.0,SVM,ROS,0.6306306306306306
B_TFIDF_SVD384,2,0.0,NN,ROS,0.3153153153153153
B_TFIDF_SVD384,2,0.0,SVM,SMOTE,0.5990990990990991
B_TFIDF_SVD384,2,0.0,NN,SMOTE,0.28378378378378377
B_TFIDF_SVD384,2,0.0,SVM,ADASYN,0.5540540540540541
B_TFIDF_SVD384,2,0.0,NN,ADASYN,0.26126126126126126
B_TFIDF_SVD384,2,0.0,SVM,Borderline-SMOTE,0.5315315315315315
B_TFIDF_SVD384,2,0.0,NN,Borderline-SMOTE,0.2927927927927928
B_TFIDF_SVD384,2,0.1,SVM,None,0.14864864864864866
B_TFIDF_SVD384,2,0.1,NN,None,0.32432432432432434
B_TFIDF_SVD384,2,0.1,SVM,ROS,0.6081081081081081
B_TFIDF_SVD384,2,0.1,NN,ROS,0.26126126126126126
B_TFIDF_SVD384,2,0.1,SVM,SMOTE,0.581081081081081
B_TFIDF_SVD384,2,0.1,NN,SMOTE,0.24774774774774774
B_TFIDF_SVD384,2,0.1,SVM,ADASYN,0.5405405405405406
B_TFIDF_SVD384,2,0.1,NN,ADASYN,0.27927927927927926
B_TFIDF_SVD384,2,0.1,SVM,Borderline-SMOTE,0.5225225225225225
B_TFIDF_SVD384,2,0.1,NN,Borderline-SMOTE,0.23873873873873874
B_TFIDF_SVD384,2,0.25,SVM,None,0.06306306306306306
B_TFIDF_SVD384,2,0.25,NN,None,0.21621621621621623
B_TFIDF_SVD384,2,0.25,SVM,ROS,0.5675675675675675
B_TFIDF_SVD384,2,0.25,NN,ROS,0.18468468468468469
B_TFIDF_SVD384,2,0.25,SVM,SMOTE,0.527027027027027
B_TFIDF_SVD384,2,0.25,NN,SMOTE,0.17567567567567569
B_TFIDF_SVD384,2,0.25,SVM,ADASYN,0.509009009009009
B_TFIDF_SVD384,2,0.25,NN,ADASYN,0.18468468468468469
B_TFIDF_SVD384,2,0.25,SVM,Borderline-SMOTE,0.47297297297297297
B_TFIDF_SVD384,2,0.25,NN,Borderline-SMOTE,0.1891891891891892
B_TFIDF_SVD384,2,0.4,SVM,None,0.03153153153153153
B_TFIDF_SVD384,2,0.4,NN,None,0.22972972972972974
B_TFIDF_SVD384,2,0.4,SVM,ROS,0.5990990990990991
B_TFIDF_SVD384,2,0.4,NN,ROS,0.18018018018018017
B_TFIDF_SVD384,2,0.4,SVM,SMOTE,0.5945945945945946
B_TFIDF_SVD384,2,0.4,NN,SMOTE,0.17567567567567569
B_TFIDF_SVD384,2,0.4,SVM,ADASYN,0.5720720720720721
B_TFIDF_SVD384,2,0.4,NN,ADASYN,0.17117117117117117
B_TFIDF_SVD384,2,0.4,SVM,Borderline-SMOTE,0.45495495495495497
B_TFIDF_SVD384,2,0.4,NN,Borderline-SMOTE,0.1891891891891892
B_TFIDF_SVD384,3,0.0,SVM,None,0.18468468468468469
B_TFIDF_SVD384,3,0.0,NN,None,0.33783783783783783
B_TFIDF_SVD384,3,0.0,SVM,ROS,0.6126126126126126
B_TFIDF_SVD384,3,0.0,NN,ROS,0.3063063063063063
B_TFIDF_SVD384,3,0.0,SVM,SMOTE,0.5585585585585585
B_TFIDF_SVD384,3,0.0,NN,SMOTE,0.2702702702702703
B_TFIDF_SVD384,3,0.0,SVM,ADASYN,0.5630630630630631
B_TFIDF_SVD384,3,0.0,NN,ADASYN,0.3108108108108108
B_TFIDF_SVD384,3,0.0,SVM,Borderline-SMOTE,0.536036036036036
B_TFIDF_SVD384,3,0.0,NN,Borderline-SMOTE,0.3108108108108108
B_TFIDF_SVD384,3,0.1,SVM,None,0.14414414414414414
B_TFIDF_SVD384,3,0.1,NN,None,0.27927927927927926
B_TFIDF_SVD384,3,0.1,SVM,ROS,0.6036036036036037
B_TFIDF_SVD384,3,0.1,NN,ROS,0.28378378378378377
B_TFIDF_SVD384,3,0.1,SVM,SMOTE,0.5405405405405406
B_TFIDF_SVD384,3,0.1,NN,SMOTE,0.25225225225225223
B_TFIDF_SVD384,3,0.1,SVM,ADASYN,0.5540540540540541
B_TFIDF_SVD384,3,0.1,NN,ADASYN,0.21621621621621623
B_TFIDF_SVD384,3,0.1,SVM,Borderline-SMOTE,0.49099099099099097
B_TFIDF_SVD384,3,0.1,NN,Borderline-SMOTE,0.30180180180180183
B_TFIDF_SVD384,3,0.25,SVM,None,0.07207207207207207
B_TFIDF_SVD384,3,0.25,NN,None,0.24324324324324326
B_TFIDF_SVD384,3,0.25,SVM,ROS,0.5945945945945946
B_TFIDF_SVD384,3,0.25,NN,ROS,0.2072072072072072
B_TFIDF_SVD384,3,0.25,SVM,SMOTE,0.5135135135135135
B_TFIDF_SVD384,3,0.25,NN,SMOTE,0.22522522522522523
B_TFIDF_SVD384,3,0.25,SVM,ADASYN,0.509009009009009
B_TFIDF_SVD384,3,0.25,NN,ADASYN,0.22522522522522523
B_TFIDF_SVD384,3,0.25,SVM,Borderline-SMOTE,0.46846846846846846
B_TFIDF_SVD384,3,0.25,NN,Borderline-SMOTE,0.2072072072072072
B_TFIDF_SVD384,3,0.4,SVM,None,0.018018018018018018
B_TFIDF_SVD384,3,0.4,NN,None,0.17567567567567569
B_TFIDF_SVD384,3,0.4,SVM,ROS,0.5630630630630631
B_TFIDF_SVD384,3,0.4,NN,ROS,0.0990990990990991
B_TFIDF_SVD384,3,0.4,SVM,SMOTE,0.481981981981982
B_TFIDF_SVD384,3,0.4,NN,SMOTE,0.14864864864864866
B_TFIDF_SVD384,3,0.4,SVM,ADASYN,0.5045045045045045
B_TFIDF_SVD384,3,0.4,NN,ADASYN,0.12162162162162163
B_TFIDF_SVD384,3,0.4,SVM,Borderline-SMOTE,0.4144144144144144
B_TFIDF_SVD384,3,0.4,NN,Borderline-SMOTE,0.18018018018018017
B_TFIDF_SVD384,4,0.0,SVM,None,0.19369369369369369
B_TFIDF_SVD384,4,0.0,NN,None,0.2927927927927928
B_TFIDF_SVD384,4,0.0,SVM,ROS,0.6396396396396397
B_TFIDF_SVD384,4,0.0,NN,ROS,0.3783783783783784
B_TFIDF_SVD384,4,0.0,SVM,SMOTE,0.581081081081081
B_TFIDF_SVD384,4,0.0,NN,SMOTE,0.31981981981981983
B_TFIDF_SVD384,4,0.0,SVM,ADASYN,0.5765765765765766
B_TFIDF_SVD384,4,0.0,NN,ADASYN,0.33783783783783783
B_TFIDF_SVD384,4,0.0,SVM,Borderline-SMOTE,0.5315315315315315
B_TFIDF_SVD384,4,0.0,NN,Borderline-SMOTE,0.36486486486486486
B_TFIDF_SVD384,4,0.1,SVM,None,0.0945945945945946
B_TFIDF_SVD384,4,0.1,NN,None,0.23423423423423423
B_TFIDF_SVD384,4,0.1,SVM,ROS,0.5900900900900901
B_TFIDF_SVD384,4,0.1,NN,ROS,0.2702702702702703
B_TFIDF_SVD384,4,0.1,SVM,SMOTE,0.5720720720720721
B_TFIDF_SVD384,4,0.1,NN,SMOTE,0.25225225225225223
B_TFIDF_SVD384,4,0.1,SVM,ADASYN,0.5765765765765766
B_TFIDF_SVD384,4,0.1,NN,ADASYN,0.23423423423423423
B_TFIDF_SVD384,4,0.1,SVM,Borderline-SMOTE,0.509009009009009
B_TFIDF_SVD384,4,0.1,NN,Borderline-SMOTE,0.22522522522522523
B_TFIDF_SVD384,4,0.25,SVM,None,0.05855855855855856
B_TFIDF_SVD384,4,0.25,NN,None,0.25675675675675674
B_TFIDF_SVD384,4,0.25,SVM,ROS,0.5900900900900901
B_TFIDF_SVD384,4,0.25,NN,ROS,0.22072072072072071
B_TFIDF_SVD384,4,0.25,SVM,SMOTE,0.536036036036036
B_TFIDF_SVD384,4,0.25,NN,SMOTE,0.24324324324324326
B_TFIDF_SVD384,4,0.25,SVM,ADASYN,0.5540540540540541
B_TFIDF_SVD384,4,0.25,NN,ADASYN,0.17567567567567569
B_TFIDF_SVD384,4,0.25,SVM,Borderline-SMOTE,0.46846846846846846
B_TFIDF_SVD384,4,0.25,NN,Borderline-SMOTE,0.18018018018018017
B_TFIDF_SVD384,4,0.4,SVM,None,0.036036036036036036
B_TFIDF_SVD384,4,0.4,NN,None,0.23423423423423423
B_TFIDF_SVD384,4,0.4,SVM,ROS,0.509009009009009
B_TFIDF_SVD384,4,0.4,NN,ROS,0.18018018018018017
B_TFIDF_SVD384,4,0.4,SVM,SMOTE,0.46846846846846846
B_TFIDF_SVD384,4,0.4,NN,SMOTE,0.16216216216216217
B_TFIDF_SVD384,4,0.4,SVM,ADASYN,0.4954954954954955
B_TFIDF_SVD384,4,0.4,NN,ADASYN,0.16666666666666666
B_TFIDF_SVD384,4,0.4,SVM,Borderline-SMOTE,0.45045045045045046
B_TFIDF_SVD384,4,0.4,NN,Borderline-SMOTE,0.17117117117117117
B_TFIDF_SVD384,5,0.0,SVM,None,0.2072072072072072
B_TFIDF_SVD384,5,0.0,NN,None,0.4144144144144144
B_TFIDF_SVD384,5,0.0,SVM,ROS,0.6351351351351351
B_TFIDF_SVD384,5,0.0,NN,ROS,0.34684684684684686
B_TFIDF_SVD384,5,0.0,SVM,SMOTE,0.6081081081081081
B_TFIDF_SVD384,5,0.0,NN,SMOTE,0.33783783783783783
B_TFIDF_SVD384,5,0.0,SVM,ADASYN,0.581081081081081
B_TFIDF_SVD384,5,0.0,NN,ADASYN,0.2972972972972973
B_TFIDF_SVD384,5,0.0,SVM,Borderline-SMOTE,0.5720720720720721
B_TFIDF_SVD384,5,0.0,NN,Borderline-SMOTE,0.3963963963963964
B_TFIDF_SVD384,5,0.1,SVM,None,0.13063063063063063
B_TFIDF_SVD384,5,0.1,NN,None,0.34234234234234234
B_TFIDF_SVD384,5,0.1,SVM,ROS,0.5945945945945946
B_TFIDF_SVD384,5,0.1,NN,ROS,0.25675675675675674
B_TFIDF_SVD384,5,0.1,SVM,SMOTE,0.5585585585585585
B_TFIDF_SVD384,5,0.1,NN,SMOTE,0.31981981981981983
B_TFIDF_SVD384,5,0.1,SVM,ADASYN,0.5720720720720721
B_TFIDF_SVD384,5,0.1,NN,ADASYN,0.32882882882882886
B_TFIDF_SVD384,5,0.1,SVM,Borderline-SMOTE,0.536036036036036
B_TFIDF_SVD384,5,0.1,NN,Borderline-SMOTE,0.3333333333333333
B_TFIDF_SVD384,5,0.25,SVM,None,0.05405405405405406
B_TFIDF_SVD384,5,0.25,NN,None,0.25225225225225223
B_TFIDF_SVD384,5,0.25,SVM,ROS,0.6036036036036037
B_TFIDF_SVD384,5,0.25,NN,ROS,0.24324324324324326
B_TFIDF_SVD384,5,0.25,SVM,SMOTE,0.5540540540540541
B_TFIDF_SVD384,5,0.25,NN,SMOTE,0.22522522522522523
B_TFIDF_SVD384,5,0.25,SVM,ADASYN,0.5405405405405406
B_TFIDF_SVD384,5,0.25,NN,ADASYN,0.21171171171171171
B_TFIDF_SVD384,5,0.25,SVM,Borderline-SMOTE,0.4864864864864865
B_TFIDF_SVD384,5,0.25,NN,Borderline-SMOTE,0.26126126126126126
B_TFIDF_SVD384,5,0.4,SVM,None,0.02252252252252252
B_TFIDF_SVD384,5,0.4,NN,None,0.2072072072072072
B_TFIDF_SVD384,5,0.4,SVM,ROS,0.5675675675675675
B_TFIDF_SVD384,5,0.4,NN,ROS,0.16666666666666666
B_TFIDF_SVD384,5,0.4,SVM,SMOTE,0.5540540540540541
B_TFIDF_SVD384,5,0.4,NN,SMOTE,0.16216216216216217
B_TFIDF_SVD384,5,0.4,SVM,ADASYN,0.5495495495495496
B_TFIDF_SVD384,5,0.4,NN,ADASYN,0.1891891891891892
B_TFIDF_SVD384,5,0.4,SVM,Borderline-SMOTE,0.44144144144144143
B_TFIDF_SVD384,5,0.4,NN,Borderline-SMOTE,0.17117117117117117
C_MiniLM_384,1,0.0,SVM,None,0.036036036036036036
C_MiniLM_384,1,0.0,NN,None,0.22072072072072071
C_MiniLM_384,1,0.0,SVM,ROS,0.5630630630630631
C_MiniLM_384,1,0.0,NN,ROS,0.22072072072072071
C_MiniLM_384,1,0.0,SVM,SMOTE,0.5720720720720721
C_MiniLM_384,1,0.0,NN,SMOTE,0.1891891891891892
C_MiniLM_384,1,0.0,SVM,ADASYN,0.5765765765765766
C_MiniLM_384,1,0.0,NN,ADASYN,0.21171171171171171
C_MiniLM_384,1,0.0,SVM,Borderline-SMOTE,0.47297297297297297
C_MiniLM_384,1,0.0,NN,Borderline-SMOTE,0.32432432432432434
C_MiniLM_384,1,0.1,SVM,None,0.02252252252252252
C_MiniLM_384,1,0.1,NN,None,0.2072072072072072
C_MiniLM_384,1,0.1,SVM,ROS,0.5495495495495496
C_MiniLM_384,1,0.1,NN,ROS,0.16666666666666666
C_MiniLM_384,1,0.1,SVM,SMOTE,0.5495495495495496
C_MiniLM_384,1,0.1,NN,SMOTE,0.18468468468468469
C_MiniLM_384,1,0.1,SVM,ADASYN,0.5495495495495496
C_MiniLM_384,1,0.1,NN,ADASYN,0.2072072072072072
C_MiniLM_384,1,0.1,SVM,Borderline-SMOTE,0.44144144144144143
C_MiniLM_384,1,0.1,NN,Borderline-SMOTE,0.2702702702702703
C_MiniLM_384,1,0.25,SVM,None,0.0045045045045045045
C_MiniLM_384,1,0.25,NN,None,0.13963963963963963
C_MiniLM_384,1,0.25,SVM,ROS,0.5630630630630631
C_MiniLM_384,1,0.25,NN,ROS,0.18018018018018017
C_MiniLM_384,1,0.25,SVM,SMOTE,0.581081081081081
C_MiniLM_384,1,0.25,NN,SMOTE,0.14414414414414414
C_MiniLM_384,1,0.25,SVM,ADASYN,0.581081081081081
C_MiniLM_384,1,0.25,NN,ADASYN,0.13063063063063063
C_MiniLM_384,1,0.25,SVM,Borderline-SMOTE,0.44594594594594594
C_MiniLM_384,1,0.25,NN,Borderline-SMOTE,0.16216216216216217
C_MiniLM_384,1,0.4,SVM,None,0.0
C_MiniLM_384,1,0.4,NN,None,0.14414414414414414
C_MiniLM_384,1,0.4,SVM,ROS,0.5180180180180181
C_MiniLM_384,1,0.4,NN,ROS,0.0945945945945946
C_MiniLM_384,1,0.4,SVM,SMOTE,0.5135135135135135
C_MiniLM_384,1,0.4,NN,SMOTE,0.11261261261261261
C_MiniLM_384,1,0.4,SVM,ADASYN,0.5225225225225225
C_MiniLM_384,1,0.4,NN,ADASYN,0.13063063063063063
C_MiniLM_384,1,0.4,SVM,Borderline-SMOTE,0.36486486486486486
C_MiniLM_384,1,0.4,NN,Borderline-SMOTE,0.12162162162162163
C_MiniLM_384,2,0.0,SVM,None,0.06306306306306306
C_MiniLM_384,2,0.0,NN,None,0.17567567567567569
C_MiniLM_384,2,0.0,SVM,ROS,0.5765765765765766
C_MiniLM_384,2,0.0,NN,ROS,0.16666666666666666
C_MiniLM_384,2,0.0,SVM,SMOTE,0.5495495495495496
C_MiniLM_384,2,0.0,NN,SMOTE,0.24774774774774774
C_MiniLM_384,2,0.0,SVM,ADASYN,0.5495495495495496
C_MiniLM_384,2,0.0,NN,ADASYN,0.1891891891891892
C_MiniLM_384,2,0.0,SVM,Borderline-SMOTE,0.5135135135135135
C_MiniLM_384,2,0.0,NN,Borderline-SMOTE,0.22522522522522523
C_MiniLM_384,2,0.1,SVM,None,0.04504504504504504
C_MiniLM_384,2,0.1,NN,None,0.18018018018018017
C_MiniLM_384,2,0.1,SVM,ROS,0.5765765765765766
C_MiniLM_384,2,0.1,NN,ROS,0.21621621621621623
C_MiniLM_384,2,0.1,SVM,SMOTE,0.5585585585585585
C_MiniLM_384,2,0.1,NN,SMOTE,0.2072072072072072
C_MiniLM_384,2,0.1,SVM,ADASYN,0.536036036036036
C_MiniLM_384,2,0.1,NN,ADASYN,0.16216216216216217
C_MiniLM_384,2,0.1,SVM,Borderline-SMOTE,0.46396396396396394
C_MiniLM_384,2,0.1,NN,Borderline-SMOTE,0.19369369369369369
C_MiniLM_384,2,0.25,SVM,None,0.009009009009009009
C_MiniLM_384,2,0.25,NN,None,0.11711711711711711
C_MiniLM_384,2,0.25,SVM,ROS,0.5585585585585585
C_MiniLM_384,2,0.25,NN,ROS,0.17567567567567569
C_MiniLM_384,2,0.25,SVM,SMOTE,0.536036036036036
C_MiniLM_384,2,0.25,NN,SMOTE,0.1036036036036036
C_MiniLM_384,2,0.25,SVM,ADASYN,0.536036036036036
C_MiniLM_384,2,0.25,NN,ADASYN,0.11711711711711711
C_MiniLM_384,2,0.25,SVM,Borderline-SMOTE,0.42792792792792794
C_MiniLM_384,2,0.25,NN,Borderline-SMOTE,0.17117117117117117
C_MiniLM_384,2,0.4,SVM,None,0.0
C_MiniLM_384,2,0.4,NN,None,0.14864864864864866
C_MiniLM_384,2,0.4,SVM,ROS,0.527027027027027
C_MiniLM_384,2,0.4,NN,ROS,0.08558558558558559
C_MiniLM_384,2,0.4,SVM,SMOTE,0.5045045045045045
C_MiniLM_384,2,0.4,NN,SMOTE,0.05855855855855856
C_MiniLM_384,2,0.4,SVM,ADASYN,0.4864864864864865
C_MiniLM_384,2,0.4,NN,ADASYN,0.11711711711711711
C_MiniLM_384,2,0.4,SVM,Borderline-SMOTE,0.34234234234234234
C_MiniLM_384,2,0.4,NN,Borderline-SMOTE,0.12612612612612611
C_MiniLM_384,3,0.0,SVM,None,0.07657657657657657
C_MiniLM_384,3,0.0,NN,None,0.26126126126126126
C_MiniLM_384,3,0.0,SVM,ROS,0.6306306306306306
C_MiniLM_384,3,0.0,NN,ROS,0.22522522522522523
C_MiniLM_384,3,0.0,SVM,SMOTE,0.6171171171171171
C_MiniLM_384,3,0.0,NN,SMOTE,0.17117117117117117
C_MiniLM_384,3,0.0,SVM,ADASYN,0.6036036036036037
C_MiniLM_384,3,0.0,NN,ADASYN,0.22522522522522523
C_MiniLM_384,3,0.0,SVM,Borderline-SMOTE,0.5630630630630631
C_MiniLM_384,3,0.0,NN,Borderline-SMOTE,0.22522522522522523
C_MiniLM_384,3,0.1,SVM,None,0.036036036036036036
C_MiniLM_384,3,0.1,NN,None,0.24324324324324326
C_MiniLM_384,3,0.1,SVM,ROS,0.5990990990990991
C_MiniLM_384,3,0.1,NN,ROS,0.15765765765765766
C_MiniLM_384,3,0.1,SVM,SMOTE,0.6036036036036037
C_MiniLM_384,3,0.1,NN,SMOTE,0.17117117117117117
C_MiniLM_384,3,0.1,SVM,ADASYN,0.5945945945945946
C_MiniLM_384,3,0.1,NN,ADASYN,0.16216216216216217
C_MiniLM_384,3,0.1,SVM,Borderline-SMOTE,0.5585585585585585
C_MiniLM_384,3,0.1,NN,Borderline-SMOTE,0.1891891891891892
C_MiniLM_384,3,0.25,SVM,None,0.009009009009009009
C_MiniLM_384,3,0.25,NN,None,0.22522522522522523
C_MiniLM_384,3,0.25,SVM,ROS,0.5720720720720721
C_MiniLM_384,3,0.25,NN,ROS,0.17567567567567569
C_MiniLM_384,3,0.25,SVM,SMOTE,0.5675675675675675
C_MiniLM_384,3,0.25,NN,SMOTE,0.17567567567567569
C_MiniLM_384,3,0.25,SVM,ADASYN,0.5315315315315315
C_MiniLM_384,3,0.25,NN,ADASYN,0.22972972972972974
C_MiniLM_384,3,0.25,SVM,Borderline-SMOTE,0.5135135135135135
C_MiniLM_384,3,0.25,NN,Borderline-SMOTE,0.18468468468468469
C_MiniLM_384,3,0.4,SVM,None,0.0045045045045045045
C_MiniLM_384,3,0.4,NN,None,0.13513513513513514
C_MiniLM_384,3,0.4,SVM,ROS,0.527027027027027
C_MiniLM_384,3,0.4,NN,ROS,0.15765765765765766
C_MiniLM_384,3,0.4,SVM,SMOTE,0.527027027027027
C_MiniLM_384,3,0.4,NN,SMOTE,0.12612612612612611
C_MiniLM_384,3,0.4,SVM,ADASYN,0.5180180180180181
C_MiniLM_384,3,0.4,NN,ADASYN,0.13063063063063063
C_MiniLM_384,3,0.4,SVM,Borderline-SMOTE,0.4009009009009009
C_MiniLM_384,3,0.4,NN,Borderline-SMOTE,0.13513513513513514
C_MiniLM_384,4,0.0,SVM,None,0.05405405405405406
C_MiniLM_384,4,0.0,NN,None,0.24774774774774774
C_MiniLM_384,4,0.0,SVM,ROS,0.6036036036036037
C_MiniLM_384,4,0.0,NN,ROS,0.2702702702702703
C_MiniLM_384,4,0.0,SVM,SMOTE,0.6171171171171171
C_MiniLM_384,4,0.0,NN,SMOTE,0.19369369369369369
C_MiniLM_384,4,0.0,SVM,ADASYN,0.6036036036036037
C_MiniLM_384,4,0.0,NN,ADASYN,0.24774774774774774
C_MiniLM_384,4,0.0,SVM,Borderline-SMOTE,0.5135135135135135
C_MiniLM_384,4,0.0,NN,Borderline-SMOTE,0.17567567567567569
C_MiniLM_384,4,0.1,SVM,None,0.02702702702702703
C_MiniLM_384,4,0.1,NN,None,0.1891891891891892
C_MiniLM_384,4,0.1,SVM,ROS,0.581081081081081
C_MiniLM_384,4,0.1,NN,ROS,0.17117117117117117
C_MiniLM_384,4,0.1,SVM,SMOTE,0.6036036036036037
C_MiniLM_384,4,0.1,NN,SMOTE,0.22522522522522523
C_MiniLM_384,4,0.1,SVM,ADASYN,0.5990990990990991
C_MiniLM_384,4,0.1,NN,ADASYN,0.21621621621621623
C_MiniLM_384,4,0.1,SVM,Borderline-SMOTE,0.5225225225225225
C_MiniLM_384,4,0.1,NN,Borderline-SMOTE,0.21171171171171171
C_MiniLM_384,4,0.25,SVM,None,0.02252252252252252
C_MiniLM_384,4,0.25,NN,None,0.13963963963963963
C_MiniLM_384,4,0.25,SVM,ROS,0.6036036036036037
C_MiniLM_384,4,0.25,NN,ROS,0.15765765765765766
C_MiniLM_384,4,0.25,SVM,SMOTE,0.5495495495495496
C_MiniLM_384,4,0.25,NN,SMOTE,0.18468468468468469
C_MiniLM_384,4,0.25,SVM,ADASYN,0.5630630630630631
C_MiniLM_384,4,0.25,NN,ADASYN,0.1981981981981982
C_MiniLM_384,4,0.25,SVM,Borderline-SMOTE,0.45045045045045046
C_MiniLM_384,4,0.25,NN,Borderline-SMOTE,0.22522522522522523
C_MiniLM_384,4,0.4,SVM,None,0.009009009009009009
C_MiniLM_384,4,0.4,NN,None,0.11711711711711711
C_MiniLM_384,4,0.4,SVM,ROS,0.5585585585585585
C_MiniLM_384,4,0.4,NN,ROS,0.12612612612612611
C_MiniLM_384,4,0.4,SVM,SMOTE,0.5540540540540541
C_MiniLM_384,4,0.4,NN,SMOTE,0.13063063063063063
C_MiniLM_384,4,0.4,SVM,ADASYN,0.5495495495495496
C_MiniLM_384,4,0.4,NN,ADASYN,0.13063063063063063
C_MiniLM_384,4,0.4,SVM,Borderline-SMOTE,0.4009009009009009
C_MiniLM_384,4,0.4,NN,Borderline-SMOTE,0.1891891891891892
C_MiniLM_384,5,0.0,SVM,None,0.05405405405405406
C_MiniLM_384,5,0.0,NN,None,0.24774774774774774
C_MiniLM_384,5,0.0,SVM,ROS,0.6171171171171171
C_MiniLM_384,5,0.0,NN,ROS,0.28378378378378377
C_MiniLM_384,5,0.0,SVM,SMOTE,0.5900900900900901
C_MiniLM_384,5,0.0,NN,SMOTE,0.19369369369369369
C_MiniLM_384,5,0.0,SVM,ADASYN,0.5900900900900901
C_MiniLM_384,5,0.0,NN,ADASYN,0.18018018018018017
C_MiniLM_384,5,0.0,SVM,Borderline-SMOTE,0.509009009009009
C_MiniLM_384,5,0.0,NN,Borderline-SMOTE,0.23873873873873874
C_MiniLM_384,5,0.1,SVM,None,0.03153153153153153
C_MiniLM_384,5,0.1,NN,None,0.18018018018018017
C_MiniLM_384,5,0.1,SVM,ROS,0.6036036036036037
C_MiniLM_384,5,0.1,NN,ROS,0.17567567567567569
C_MiniLM_384,5,0.1,SVM,SMOTE,0.5765765765765766
C_MiniLM_384,5,0.1,NN,SMOTE,0.17567567567567569
C_MiniLM_384,5,0.1,SVM,ADASYN,0.5675675675675675
C_MiniLM_384,5,0.1,NN,ADASYN,0.21171171171171171
C_MiniLM_384,5,0.1,SVM,Borderline-SMOTE,0.46846846846846846
C_MiniLM_384,5,0.1,NN,Borderline-SMOTE,0.20270270270270271
C_MiniLM_384,5,0.25,SVM,None,0.013513513513513514
C_MiniLM_384,5,0.25,NN,None,0.21171171171171171
C_MiniLM_384,5,0.25,SVM,ROS,0.5630630630630631
C_MiniLM_384,5,0.25,NN,ROS,0.12612612612612611
C_MiniLM_384,5,0.25,SVM,SMOTE,0.5540540540540541
C_MiniLM_384,5,0.25,NN,SMOTE,0.14414414414414414
C_MiniLM_384,5,0.25,SVM,ADASYN,0.5585585585585585
C_MiniLM_384,5,0.25,NN,ADASYN,0.18018018018018017
C_MiniLM_384,5,0.25,SVM,Borderline-SMOTE,0.46846846846846846
C_MiniLM_384,5,0.25,NN,Borderline-SMOTE,0.14864864864864866
C_MiniLM_384,5,0.4,SVM,None,0.009009009009009009
C_MiniLM_384,5,0.4,NN,None,0.16666666666666666
C_MiniLM_384,5,0.4,SVM,ROS,0.5045045045045045
C_MiniLM_384,5,0.4,NN,ROS,0.14864864864864866
C_MiniLM_384,5,0.4,SVM,SMOTE,0.5180180180180181
C_MiniLM_384,5,0.4,NN,SMOTE,0.13963963963963963
C_MiniLM_384,5,0.4,SVM,ADASYN,0.5225225225225225
C_MiniLM_384,5,0.4,NN,ADASYN,0.13963963963963963
C_MiniLM_384,5,0.4,SVM,Borderline-SMOTE,0.3918918918918919
C_MiniLM_384,5,0.4,NN,Borderline-SMOTE,0.14414414414414414
